{
"apiVersion": "V2",
"assemblies": [
{
  "files": [
    {
      "filePath": "assembly_data_report.jsonl",
      "fileType": "DATA_REPORT",
      "uncompressedLengthBytes": "81280"
    }
  ]
},{
  "accession": "GCA_000027325.1",
  "files": [
    {
      "filePath": "GCA_000027325.1/genomic.gbff",
      "fileType": "GENBANK_FLAT_FILE",
      "uncompressedLengthBytes": "1308133"
    },
    {
      "filePath": "GCA_000027325.1/GCA_000027325.1_ASM2732v1_genomic.fna",
      "fileType": "GENOMIC_NUCLEOTIDE_FASTA",
      "uncompressedLengthBytes": "587380"
    },
    {
      "filePath": "GCA_000027325.1/genomic.gff",
      "fileType": "GFF3",
      "uncompressedLengthBytes": "269376"
    },
    {
      "filePath": "GCA_000027325.1/protein.faa",
      "fileType": "PROTEIN_FASTA",
      "uncompressedLengthBytes": "214420"
    }
  ]
},{
  "accession": "GCA_000167595.1",
  "files": [
    {
      "filePath": "GCA_000167595.1/genomic.gbff",
      "fileType": "GENBANK_FLAT_FILE",
      "uncompressedLengthBytes": "764698"
    },
    {
      "filePath": "GCA_000167595.1/GCA_000167595.1_ASM16759v1_genomic.fna",
      "fileType": "GENOMIC_NUCLEOTIDE_FASTA",
      "uncompressedLengthBytes": "569515"
    }
  ]
},{
  "accession": "GCA_000292405.1",
  "files": [
    {
      "filePath": "GCA_000292405.1/genomic.gbff",
      "fileType": "GENBANK_FLAT_FILE",
      "uncompressedLengthBytes": "1216639"
    },
    {
      "filePath": "GCA_000292405.1/GCA_000292405.1_ASM29240v1_genomic.fna",
      "fileType": "GENOMIC_NUCLEOTIDE_FASTA",
      "uncompressedLengthBytes": "587284"
    },
    {
      "filePath": "GCA_000292405.1/genomic.gff",
      "fileType": "GFF3",
      "uncompressedLengthBytes": "224973"
    },
    {
      "filePath": "GCA_000292405.1/protein.faa",
      "fileType": "PROTEIN_FASTA",
      "uncompressedLengthBytes": "210603"
    }
  ]
},{
  "accession": "GCA_000292445.1",
  "files": [
    {
      "filePath": "GCA_000292445.1/genomic.gbff",
      "fileType": "GENBANK_FLAT_FILE",
      "uncompressedLengthBytes": "1197416"
    },
    {
      "filePath": "GCA_000292445.1/GCA_000292445.1_ASM29244v1_genomic.fna",
      "fileType": "GENOMIC_NUCLEOTIDE_FASTA",
      "uncompressedLengthBytes": "586805"
    },
    {
      "filePath": "GCA_000292445.1/genomic.gff",
      "fileType": "GFF3",
      "uncompressedLengthBytes": "222112"
    },
    {
      "filePath": "GCA_000292445.1/protein.faa",
      "fileType": "PROTEIN_FASTA",
      "uncompressedLengthBytes": "198622"
    }
  ]
},{
  "accession": "GCA_000292485.1",
  "files": [
    {
      "filePath": "GCA_000292485.1/genomic.gbff",
      "fileType": "GENBANK_FLAT_FILE",
      "uncompressedLengthBytes": "1216713"
    },
    {
      "filePath": "GCA_000292485.1/GCA_000292485.1_ASM29248v1_genomic.fna",
      "fileType": "GENOMIC_NUCLEOTIDE_FASTA",
      "uncompressedLengthBytes": "587101"
    },
    {
      "filePath": "GCA_000292485.1/genomic.gff",
      "fileType": "GFF3",
      "uncompressedLengthBytes": "227160"
    },
    {
      "filePath": "GCA_000292485.1/protein.faa",
      "fileType": "PROTEIN_FASTA",
      "uncompressedLengthBytes": "209731"
    }
  ]
},{
  "accession": "GCA_000292505.1",
  "files": [
    {
      "filePath": "GCA_000292505.1/genomic.gbff",
      "fileType": "GENBANK_FLAT_FILE",
      "uncompressedLengthBytes": "1221714"
    },
    {
      "filePath": "GCA_000292505.1/GCA_000292505.1_ASM29250v1_genomic.fna",
      "fileType": "GENOMIC_NUCLEOTIDE_FASTA",
      "uncompressedLengthBytes": "586860"
    },
    {
      "filePath": "GCA_000292505.1/genomic.gff",
      "fileType": "GFF3",
      "uncompressedLengthBytes": "226411"
    },
    {
      "filePath": "GCA_000292505.1/protein.faa",
      "fileType": "PROTEIN_FASTA",
      "uncompressedLengthBytes": "213686"
    }
  ]
},{
  "accession": "GCA_036689675.1",
  "files": [
    {
      "filePath": "GCA_036689675.1/genomic.gbff",
      "fileType": "GENBANK_FLAT_FILE",
      "uncompressedLengthBytes": "1470856"
    },
    {
      "filePath": "GCA_036689675.1/GCA_036689675.1_ASM3668967v1_genomic.fna",
      "fileType": "GENOMIC_NUCLEOTIDE_FASTA",
      "uncompressedLengthBytes": "586555"
    },
    {
      "filePath": "GCA_036689675.1/genomic.gff",
      "fileType": "GFF3",
      "uncompressedLengthBytes": "338869"
    },
    {
      "filePath": "GCA_036689675.1/protein.faa",
      "fileType": "PROTEIN_FASTA",
      "uncompressedLengthBytes": "221336"
    }
  ]
},{
  "accession": "GCA_036689695.1",
  "files": [
    {
      "filePath": "GCA_036689695.1/genomic.gbff",
      "fileType": "GENBANK_FLAT_FILE",
      "uncompressedLengthBytes": "1478329"
    },
    {
      "filePath": "GCA_036689695.1/GCA_036689695.1_ASM3668969v1_genomic.fna",
      "fileType": "GENOMIC_NUCLEOTIDE_FASTA",
      "uncompressedLengthBytes": "587144"
    },
    {
      "filePath": "GCA_036689695.1/genomic.gff",
      "fileType": "GFF3",
      "uncompressedLengthBytes": "340687"
    },
    {
      "filePath": "GCA_036689695.1/protein.faa",
      "fileType": "PROTEIN_FASTA",
      "uncompressedLengthBytes": "219594"
    }
  ]
},{
  "accession": "GCA_036689745.1",
  "files": [
    {
      "filePath": "GCA_036689745.1/genomic.gbff",
      "fileType": "GENBANK_FLAT_FILE",
      "uncompressedLengthBytes": "1481611"
    },
    {
      "filePath": "GCA_036689745.1/GCA_036689745.1_ASM3668974v1_genomic.fna",
      "fileType": "GENOMIC_NUCLEOTIDE_FASTA",
      "uncompressedLengthBytes": "580932"
    },
    {
      "filePath": "GCA_036689745.1/genomic.gff",
      "fileType": "GFF3",
      "uncompressedLengthBytes": "343280"
    },
    {
      "filePath": "GCA_036689745.1/protein.faa",
      "fileType": "PROTEIN_FASTA",
      "uncompressedLengthBytes": "218823"
    }
  ]
},{
  "accession": "GCA_036784995.1",
  "files": [
    {
      "filePath": "GCA_036784995.1/genomic.gbff",
      "fileType": "GENBANK_FLAT_FILE",
      "uncompressedLengthBytes": "1455824"
    },
    {
      "filePath": "GCA_036784995.1/GCA_036784995.1_UAB_MGen_75956_1.1_genomic.fna",
      "fileType": "GENOMIC_NUCLEOTIDE_FASTA",
      "uncompressedLengthBytes": "587236"
    },
    {
      "filePath": "GCA_036784995.1/genomic.gff",
      "fileType": "GFF3",
      "uncompressedLengthBytes": "323590"
    },
    {
      "filePath": "GCA_036784995.1/protein.faa",
      "fileType": "PROTEIN_FASTA",
      "uncompressedLengthBytes": "216254"
    }
  ]
},{
  "accession": "GCA_036785455.1",
  "files": [
    {
      "filePath": "GCA_036785455.1/genomic.gbff",
      "fileType": "GENBANK_FLAT_FILE",
      "uncompressedLengthBytes": "1465784"
    },
    {
      "filePath": "GCA_036785455.1/GCA_036785455.1_UAB_MGen_73697_1.1_genomic.fna",
      "fileType": "GENOMIC_NUCLEOTIDE_FASTA",
      "uncompressedLengthBytes": "587265"
    },
    {
      "filePath": "GCA_036785455.1/genomic.gff",
      "fileType": "GFF3",
      "uncompressedLengthBytes": "329196"
    },
    {
      "filePath": "GCA_036785455.1/protein.faa",
      "fileType": "PROTEIN_FASTA",
      "uncompressedLengthBytes": "217934"
    }
  ]
},{
  "accession": "GCA_040556925.1",
  "files": [
    {
      "filePath": "GCA_040556925.1/genomic.gbff",
      "fileType": "GENBANK_FLAT_FILE",
      "uncompressedLengthBytes": "736656"
    },
    {
      "filePath": "GCA_040556925.1/GCA_040556925.1_ASM4055692v1_genomic.fna",
      "fileType": "GENOMIC_NUCLEOTIDE_FASTA",
      "uncompressedLengthBytes": "587404"
    }
  ]
},{
  "accession": "GCF_000027325.1",
  "files": [
    {
      "filePath": "GCF_000027325.1/genomic.gbff",
      "fileType": "GENBANK_FLAT_FILE",
      "uncompressedLengthBytes": "1517340"
    },
    {
      "filePath": "GCF_000027325.1/GCF_000027325.1_ASM2732v1_genomic.fna",
      "fileType": "GENOMIC_NUCLEOTIDE_FASTA",
      "uncompressedLengthBytes": "587389"
    },
    {
      "filePath": "GCF_000027325.1/genomic.gff",
      "fileType": "GFF3",
      "uncompressedLengthBytes": "345038"
    },
    {
      "filePath": "GCF_000027325.1/protein.faa",
      "fileType": "PROTEIN_FASTA",
      "uncompressedLengthBytes": "219591"
    }
  ]
},{
  "accession": "GCF_000167595.1",
  "files": [
    {
      "filePath": "GCF_000167595.1/genomic.gbff",
      "fileType": "GENBANK_FLAT_FILE",
      "uncompressedLengthBytes": "1527521"
    },
    {
      "filePath": "GCF_000167595.1/GCF_000167595.1_ASM16759v1_genomic.fna",
      "fileType": "GENOMIC_NUCLEOTIDE_FASTA",
      "uncompressedLengthBytes": "569590"
    },
    {
      "filePath": "GCF_000167595.1/genomic.gff",
      "fileType": "GFF3",
      "uncompressedLengthBytes": "375427"
    },
    {
      "filePath": "GCF_000167595.1/protein.faa",
      "fileType": "PROTEIN_FASTA",
      "uncompressedLengthBytes": "155891"
    }
  ]
},{
  "accession": "GCF_000292405.1",
  "files": [
    {
      "filePath": "GCF_000292405.1/genomic.gbff",
      "fileType": "GENBANK_FLAT_FILE",
      "uncompressedLengthBytes": "1517438"
    },
    {
      "filePath": "GCF_000292405.1/GCF_000292405.1_ASM29240v1_genomic.fna",
      "fileType": "GENOMIC_NUCLEOTIDE_FASTA",
      "uncompressedLengthBytes": "587291"
    },
    {
      "filePath": "GCF_000292405.1/genomic.gff",
      "fileType": "GFF3",
      "uncompressedLengthBytes": "355956"
    },
    {
      "filePath": "GCF_000292405.1/protein.faa",
      "fileType": "PROTEIN_FASTA",
      "uncompressedLengthBytes": "209947"
    }
  ]
},{
  "accession": "GCF_000292445.1",
  "files": [
    {
      "filePath": "GCF_000292445.1/genomic.gbff",
      "fileType": "GENBANK_FLAT_FILE",
      "uncompressedLengthBytes": "1496995"
    },
    {
      "filePath": "GCF_000292445.1/GCF_000292445.1_ASM29244v1_genomic.fna",
      "fileType": "GENOMIC_NUCLEOTIDE_FASTA",
      "uncompressedLengthBytes": "586812"
    },
    {
      "filePath": "GCF_000292445.1/genomic.gff",
      "fileType": "GFF3",
      "uncompressedLengthBytes": "353958"
    },
    {
      "filePath": "GCF_000292445.1/protein.faa",
      "fileType": "PROTEIN_FASTA",
      "uncompressedLengthBytes": "195796"
    }
  ]
},{
  "accession": "GCF_000292485.1",
  "files": [
    {
      "filePath": "GCF_000292485.1/genomic.gbff",
      "fileType": "GENBANK_FLAT_FILE",
      "uncompressedLengthBytes": "1510256"
    },
    {
      "filePath": "GCF_000292485.1/GCF_000292485.1_ASM29248v1_genomic.fna",
      "fileType": "GENOMIC_NUCLEOTIDE_FASTA",
      "uncompressedLengthBytes": "587108"
    },
    {
      "filePath": "GCF_000292485.1/genomic.gff",
      "fileType": "GFF3",
      "uncompressedLengthBytes": "354112"
    },
    {
      "filePath": "GCF_000292485.1/protein.faa",
      "fileType": "PROTEIN_FASTA",
      "uncompressedLengthBytes": "205689"
    }
  ]
},{
  "accession": "GCF_000292505.1",
  "files": [
    {
      "filePath": "GCF_000292505.1/genomic.gbff",
      "fileType": "GENBANK_FLAT_FILE",
      "uncompressedLengthBytes": "1520828"
    },
    {
      "filePath": "GCF_000292505.1/GCF_000292505.1_ASM29250v1_genomic.fna",
      "fileType": "GENOMIC_NUCLEOTIDE_FASTA",
      "uncompressedLengthBytes": "586867"
    },
    {
      "filePath": "GCF_000292505.1/genomic.gff",
      "fileType": "GFF3",
      "uncompressedLengthBytes": "355277"
    },
    {
      "filePath": "GCF_000292505.1/protein.faa",
      "fileType": "PROTEIN_FASTA",
      "uncompressedLengthBytes": "212844"
    }
  ]
},{
  "accession": "GCF_036689675.1",
  "files": [
    {
      "filePath": "GCF_036689675.1/genomic.gbff",
      "fileType": "GENBANK_FLAT_FILE",
      "uncompressedLengthBytes": "1540762"
    },
    {
      "filePath": "GCF_036689675.1/GCF_036689675.1_ASM3668967v1_genomic.fna",
      "fileType": "GENOMIC_NUCLEOTIDE_FASTA",
      "uncompressedLengthBytes": "586564"
    },
    {
      "filePath": "GCF_036689675.1/genomic.gff",
      "fileType": "GFF3",
      "uncompressedLengthBytes": "372791"
    },
    {
      "filePath": "GCF_036689675.1/protein.faa",
      "fileType": "PROTEIN_FASTA",
      "uncompressedLengthBytes": "218640"
    }
  ]
},{
  "accession": "GCF_036689695.1",
  "files": [
    {
      "filePath": "GCF_036689695.1/genomic.gbff",
      "fileType": "GENBANK_FLAT_FILE",
      "uncompressedLengthBytes": "1543541"
    },
    {
      "filePath": "GCF_036689695.1/GCF_036689695.1_ASM3668969v1_genomic.fna",
      "fileType": "GENOMIC_NUCLEOTIDE_FASTA",
      "uncompressedLengthBytes": "587156"
    },
    {
      "filePath": "GCF_036689695.1/genomic.gff",
      "fileType": "GFF3",
      "uncompressedLengthBytes": "372598"
    },
    {
      "filePath": "GCF_036689695.1/protein.faa",
      "fileType": "PROTEIN_FASTA",
      "uncompressedLengthBytes": "215899"
    }
  ]
},{
  "accession": "GCF_036689745.1",
  "files": [
    {
      "filePath": "GCF_036689745.1/genomic.gbff",
      "fileType": "GENBANK_FLAT_FILE",
      "uncompressedLengthBytes": "1548323"
    },
    {
      "filePath": "GCF_036689745.1/GCF_036689745.1_ASM3668974v1_genomic.fna",
      "fileType": "GENOMIC_NUCLEOTIDE_FASTA",
      "uncompressedLengthBytes": "580953"
    },
    {
      "filePath": "GCF_036689745.1/genomic.gff",
      "fileType": "GFF3",
      "uncompressedLengthBytes": "374301"
    },
    {
      "filePath": "GCF_036689745.1/protein.faa",
      "fileType": "PROTEIN_FASTA",
      "uncompressedLengthBytes": "215575"
    }
  ]
},{
  "accession": "GCF_036784995.1",
  "files": [
    {
      "filePath": "GCF_036784995.1/genomic.gbff",
      "fileType": "GENBANK_FLAT_FILE",
      "uncompressedLengthBytes": "1519365"
    },
    {
      "filePath": "GCF_036784995.1/GCF_036784995.1_UAB_MGen_75956_1.1_genomic.fna",
      "fileType": "GENOMIC_NUCLEOTIDE_FASTA",
      "uncompressedLengthBytes": "587239"
    },
    {
      "filePath": "GCF_036784995.1/genomic.gff",
      "fileType": "GFF3",
      "uncompressedLengthBytes": "358289"
    },
    {
      "filePath": "GCF_036784995.1/protein.faa",
      "fileType": "PROTEIN_FASTA",
      "uncompressedLengthBytes": "213765"
    }
  ]
},{
  "accession": "GCF_036785455.1",
  "files": [
    {
      "filePath": "GCF_036785455.1/genomic.gbff",
      "fileType": "GENBANK_FLAT_FILE",
      "uncompressedLengthBytes": "1529571"
    },
    {
      "filePath": "GCF_036785455.1/GCF_036785455.1_UAB_MGen_73697_1.1_genomic.fna",
      "fileType": "GENOMIC_NUCLEOTIDE_FASTA",
      "uncompressedLengthBytes": "587268"
    },
    {
      "filePath": "GCF_036785455.1/genomic.gff",
      "fileType": "GFF3",
      "uncompressedLengthBytes": "365402"
    },
    {
      "filePath": "GCF_036785455.1/protein.faa",
      "fileType": "PROTEIN_FASTA",
      "uncompressedLengthBytes": "213567"
    }
  ]
},{
  "accession": "GCF_040556925.1",
  "files": [
    {
      "filePath": "GCF_040556925.1/genomic.gbff",
      "fileType": "GENBANK_FLAT_FILE",
      "uncompressedLengthBytes": "1531610"
    },
    {
      "filePath": "GCF_040556925.1/GCF_040556925.1_ASM4055692v1_genomic.fna",
      "fileType": "GENOMIC_NUCLEOTIDE_FASTA",
      "uncompressedLengthBytes": "587407"
    },
    {
      "filePath": "GCF_040556925.1/genomic.gff",
      "fileType": "GFF3",
      "uncompressedLengthBytes": "373156"
    },
    {
      "filePath": "GCF_040556925.1/protein.faa",
      "fileType": "PROTEIN_FASTA",
      "uncompressedLengthBytes": "219385"
    }
  ]
}]}
